<?xml version="1.0" encoding="utf-8"?>
<rsm:CrossIndustryInvoice xmlns:a="urn:un:unece:uncefact:data:standard:QualifiedDataType:100" xmlns:rsm="urn:un:unece:uncefact:data:standard:CrossIndustryInvoice:100" xmlns:qdt="urn:un:unece:uncefact:data:standard:QualifiedDataType:100" xmlns:ram="urn:un:unece:uncefact:data:standard:ReusableAggregateBusinessInformationEntity:100" xmlns:xs="http://www.w3.org/2001/XMLSchema" xmlns:udt="urn:un:unece:uncefact:data:standard:UnqualifiedDataType:100">
  <rsm:ExchangedDocumentContext>
    <ram:GuidelineSpecifiedDocumentContextParameter>
      <ram:ID>urn:cen.eu:en16931:2017</ram:ID>
    </ram:GuidelineSpecifiedDocumentContextParameter>
  </rsm:ExchangedDocumentContext>
  <rsm:ExchangedDocument>
    <ram:ID>1</ram:ID>
    <ram:TypeCode>380</ram:TypeCode>
    <ram:IssueDateTime>
      <udt:DateTimeString format="102">20241130</udt:DateTimeString>
    </ram:IssueDateTime>
    <ram:IncludedNote>
      <ram:Content>Herr</ram:Content>
    </ram:IncludedNote>
  </rsm:ExchangedDocument>
  <rsm:SupplyChainTradeTransaction>
    <ram:IncludedSupplyChainTradeLineItem>
      <ram:AssociatedDocumentLineDocument>
        <ram:LineID>1</ram:LineID>
      </ram:AssociatedDocumentLineDocument>
      <ram:SpecifiedTradeProduct>
        <ram:Name>tischg</ram:Name>
      </ram:SpecifiedTradeProduct>
      <ram:SpecifiedLineTradeAgreement>
        <ram:NetPriceProductTradePrice>
          <ram:ChargeAmount>2316.00</ram:ChargeAmount>
        </ram:NetPriceProductTradePrice>
      </ram:SpecifiedLineTradeAgreement>
      <ram:SpecifiedLineTradeDelivery>
        <ram:BilledQuantity unitCode="C62">1.0000</ram:BilledQuantity>
      </ram:SpecifiedLineTradeDelivery>
      <ram:SpecifiedLineTradeSettlement>
        <ram:ApplicableTradeTax>
          <ram:TypeCode>VAT</ram:TypeCode>
          <ram:CategoryCode>S</ram:CategoryCode>
          <ram:RateApplicablePercent>19.00</ram:RateApplicablePercent>
        </ram:ApplicableTradeTax>
        <ram:SpecifiedTradeSettlementLineMonetarySummation>
          <ram:LineTotalAmount>2316.00</ram:LineTotalAmount>
        </ram:SpecifiedTradeSettlementLineMonetarySummation>
      </ram:SpecifiedLineTradeSettlement>
    </ram:IncludedSupplyChainTradeLineItem>
    <ram:ApplicableHeaderTradeAgreement>
      <ram:SellerTradeParty>
        <ram:Name>Carsten Hilbert</ram:Name>
        <ram:PostalTradeAddress>
          <ram:CountryID>DE</ram:CountryID>
        </ram:PostalTradeAddress>
      </ram:SellerTradeParty>
      <ram:BuyerTradeParty>
        <ram:Name>vde bohr</ram:Name>
        <ram:PostalTradeAddress>
          <ram:PostcodeCode>60598</ram:PostcodeCode>
          <ram:LineOne>Meria 4</ram:LineOne>
          <ram:CityName>Frankfurt</ram:CityName>
          <ram:CountryID>DE</ram:CountryID>
        </ram:PostalTradeAddress>
        <ram:URIUniversalCommunication>
          <ram:URIID schemeID="EM">carsten.hilbert@gmail.com</ram:URIID>
        </ram:URIUniversalCommunication>
      </ram:BuyerTradeParty>
    </ram:ApplicableHeaderTradeAgreement>
    <ram:ApplicableHeaderTradeDelivery>
      <ram:ActualDeliverySupplyChainEvent>
        <ram:OccurrenceDateTime>
          <udt:DateTimeString format="102">20241130</udt:DateTimeString>
        </ram:OccurrenceDateTime>
      </ram:ActualDeliverySupplyChainEvent>
    </ram:ApplicableHeaderTradeDelivery>
    <ram:ApplicableHeaderTradeSettlement>
      <ram:InvoiceCurrencyCode>EUR</ram:InvoiceCurrencyCode>
      <ram:ApplicableTradeTax>
        <ram:CalculatedAmount>440.04</ram:CalculatedAmount>
        <ram:TypeCode>VAT</ram:TypeCode>
        <ram:BasisAmount>2316.00</ram:BasisAmount>
        <ram:CategoryCode>S</ram:CategoryCode>
        <ram:RateApplicablePercent>19.00</ram:RateApplicablePercent>
      </ram:ApplicableTradeTax>
      <ram:SpecifiedTradePaymentTerms>
        <ram:Description>bitte zahlen Sie nach rechnungseingang, ohne Abzug</ram:Description>
      </ram:SpecifiedTradePaymentTerms>
      <ram:SpecifiedTradeSettlementHeaderMonetarySummation>
        <ram:LineTotalAmount>2316.00</ram:LineTotalAmount>
        <ram:ChargeTotalAmount>0.00</ram:ChargeTotalAmount>
        <ram:AllowanceTotalAmount>0.00</ram:AllowanceTotalAmount>
        <ram:TaxBasisTotalAmount>2316.00</ram:TaxBasisTotalAmount>
        <ram:TaxTotalAmount currencyID="EUR">440.04</ram:TaxTotalAmount>
        <ram:GrandTotalAmount>2756.04</ram:GrandTotalAmount>
        <ram:DuePayableAmount>2756.04</ram:DuePayableAmount>
      </ram:SpecifiedTradeSettlementHeaderMonetarySummation>
    </ram:ApplicableHeaderTradeSettlement>
  </rsm:SupplyChainTradeTransaction>
</rsm:CrossIndustryInvoice>